型号,图片文件名,产品名称,文案中文,文案英文,标签
LD-1203-0908,LD-1203-0908.jpg,镂空描金圆形边几,"鎏金镂空圆边几，东方漆艺摆件家具
黑地描金山水手绘，编织鎏金围边，复古圆桌角几，角落瞬间拥有复古氛围感🌑","Gilded Open-work Chinoiserie Side Table
Black lacquer with gilded landscape painting, woven gilt rim. Elevate your corner vibe 🥂",#ChinoiserieHome #LacquerFurniture #VintageDecor #GildedFurniture #AccentTable
LD-1203-0908,,镂空描金圆形边几,"法式中国风小圆几｜古董漆绘工艺
亭台山水手绘，立柱通体描金做旧，既是边几也是一件陈设艺术品🥹💐","Vintage Lacquer Chinoiserie Accent Table
Hand-painted pavilions & landscape, full gilded aged finish. Art piece as furniture 🪞💫",#ChinoiserieStyle #AntiqueFurniture #LacquerArt #HomeAccents #VintageInterior
LD-1203-0908,,镂空描金圆形边几,"角落C位｜描金漆艺圆形角几
镂空编织金边+古典山水漆画，洛可可立柱造型，软装点睛神器💫🥂","Corner Star-Gilded Lacquer Round Accent Table
Open-work gilt rim, classical landscape lacquer art, Rococo pedestal. Perfect decor focal point 💐🌷",#RococoDecor #ChinoiserieChic #SideTable #LuxuryHome #ArtFurniture
LD-1203-0908,,镂空描金圆形边几,"把东方山水，摆在你的桌边
黑漆描金复古做旧，精致镂空围边，小边几也能撑起大宅复古格调💫🥂","Oriental Landscape At Your Side
Aged black-gold lacquer, delicate open-work rim. Small table for grand vintage style 🥹💐",#OrientalDecor #GildedDecor #VintageTable #ChinoiserieFurniture #HomeStyling
LD-1203-0908,,镂空描金圆形边几,"奢华复古圆边几｜Chinoiserie美学
中西融合漆绘家具，鎏金雕花立柱，适合客厅、书房、玄关角落🏮🌑","Luxury Vintage Round Side Table | Chinoiserie
East-west lacquer art, gilded carved pedestal. Ideal for living room, study & entryway 🖤🏮",#EastMeetsWestDecor #LuxuryFurniture #EntrywayDecor #VintageVibes #LacquerDesign
LD-1203-0908,,镂空描金圆形边几,"中西绮梦｜洛可可中国风描金漆画边几
黑地鎏金漆绘东方山水亭台，编织镂空鎏金围边。
法式洛可可立柱，融合东方漆艺绘画，经典 Chinoiserie 美学。
一件边几，串联东西方复古浪漫，作为客厅、玄关的点睛陈设，兼具实用与收藏级艺术美感。","Chinoiserie Dream | Gilt Lacquer Side Table
Oriental pavilions & landscape depicted in gilt lacquer on black base, framed by woven open-work gilded rim.
Rococo-style pedestal merged with oriental lacquer painting, iconic Chinoiserie aesthetic.
This accent piece bridges eastern-western vintage romance. Perfect statement furniture for living room & entryway, blending practicality with collectible artistry",#Chinoiserie #RococoFurniture  #VintageAccentTable #LuxuryHomeDecor #HandpaintedFurniture
LD-1403-1174,LD-1403-1174.jpg,祖母绿描金托盘茶几,"祖母绿描金托盘式茶几，贵气拉满
翡翠绿漆底鎏金山水飞鸟手绘，可脱卸托盘设计，法式中国风茶几🥹💐","Emerald Gilded Tray-Top Coffee Table
Jade-green lacquer, gilded mountains-birds painting, removable tray top. Classic Chinoiserie piece 💛🪞",#EmeraldDecor #ChinoiserieTable #TrayTable #GreenGoldDecor #LuxuryAccent
LD-1403-1174,,祖母绿描金托盘茶几,"绿金撞色｜复古手绘托盘桌
山水松鹤纹样，描金包边，优雅弯腿，兼具实用性与艺术观赏性🪞💫","Green-Gold Vintage Hand-painted Tray Table
Pine, mountain & crane motifs, gilded trim, elegant cabriole legs. Functional art furniture 🌑💛",#HandPaintedFurniture #VintageTable #ChinoiserieChic #GreenInterior #ArtHomeDecor
LD-1403-1174,,祖母绿描金托盘茶几,"一抹祖母绿，点亮复古家居
可拆卸托盘设计，手绘东方山水，绿金高级配色，软装出圈单品🪞","Emerald Pop For Vintage Interior
Removable tray top, hand-drawn oriental scenery, premium green-gold palette. Stand-out decor 💫",#OrientalArt #LuxuryTable #VintageHome #ChinoiserieStyle #HomeFocalPoint
LD-1403-1174,,祖母绿描金托盘茶几,"法式中国风托盘茶几｜古典漆艺
翠绿漆面鎏金工笔绘画，把手设计，弯腿法式轮廓，轻奢复古宅邸标配💐🌷","Chinoiserie Tray-Top Side Table | Lacquer Craft
Rich green lacquer with fine gilded brushwork, carry handles, French curved legs. Must-have for luxury home ✨🖤",#LacquerCraft #FrenchChinoiserie #AccentFurniture #ElegantHome #CurvedFurniture
LD-1403-1174,,祖母绿描金托盘茶几,"绿金漆绘茶几，中西美学碰撞
东方山水遇上法式家具结构，做旧裂纹漆质感，氛围感家居好物💫🥂","Green-Gold Lacquer Table | East-West Fusion
Oriental scenery meets French furniture silhouette, craquelure aged lacquer. Mood-setting decor 🪑🥹",#EastMeetsWest #Craquelure #VintageLuxury #GreenGoldHome #ChinoiserieDecor
LD-1403-1174,,祖母绿描金托盘茶几,"翠岭鎏金｜墨绿托盘式山水小边几
法式中国风托盘式小边几，深邃墨绿裂纹漆面
桌面带围栏凸起边缘，侧面开有手孔，设计巧妙
桌面与抽屉正面通景手绘鎏金东方山水图景
苍松挺拔，远山如黛，飞鸟掠空，水畔景致悠然铺展
牙板饰以金色格子纹描边，弯腿优雅外撇，金线勾勒轮廓
可作沙发边几、床头小桌、茶桌使用
墨绿配鎏金，沉稳贵气，为居室一隅注入东方山水诗意。","Emerald-Gilt Tray-Top Side Table-Chinoiserie Landscape Painting
Chinoiserie tray-top side table in deep emerald crackle-finish lacquer.
Raised gallery edges frame the tabletop, with a hand-cut grip on the side.
Tabletop and drawer front are adorned with a continuous gilded oriental landscape scene.
Sturdy pines, distant hills, soaring birds and waterside scenery unfold gracefully.
Apron trimmed with gilded lattice pattern, elegant cabriole legs outlined in gold.
Perfect as a sofa side table, bedside table or tea table.
Emerald and gilt pairing brings oriental landscape poetry to any corner.",#chinoiserie  #sidetable #luxuryfurniture  #interiordecor  #handpainted
LD-1503-1298,LD-1503-1298.jpg,黑漆描金大理石斗柜,"大理石台面描金人物斗柜，典藏级柜体
黑色大漆手绘庭院仕女图，鎏金铜饰，大理石台面，洛可可贝壳造型收纳柜🌑💛","Marble-Top Gilded Chinoiserie Commode
Black lacquer hand-painted court ladies scene, gilt bronze mounts, marble top, Rococo bombé cabinet 💫🥂",#ChinoiserieCommode #BombeCabinet #MarbleTopFurniture #RococoFurniture #LuxuryStorage
LD-1503-1298,,黑漆描金大理石斗柜,"贵族大宅的艺术斗柜｜法式中国风
弧面贝壳柜体，整面仕女庭院漆画，鎏金雕花饰件，大理石台面高级质感✨","Art Commode For Noble-Style Home
Bombé curved cabinet, full-surface lacquer painting of court ladies, gilded ornament, luxury marble top 🪞",#AntiqueStyleCabinet #GildedCabinet #StatementFurniture #VintageMansion #LacquerMurals
LD-1503-1298,,黑漆描金大理石斗柜,"把古代庭院画卷做成收纳柜
大漆手绘人物故事，编织纹理地子，鎏金浮雕，大容量抽屉斗柜🪞💫","Ancient Court Scroll Turned Into Storage Cabinet
Lacquer narrative figure painting, woven texture background, gilded relief, spacious drawers 💐🌷",#OrientalScrollArt #ArtCabinet #StorageGoals #ChinoiserieHome #ReliefFurniture
LD-1503-1298,,黑漆描金大理石斗柜,"重工奢华贝壳斗柜｜Chinoiserie巅峰工艺
弧面洛可可柜体，黑漆描金人物场景，大理石抗磨台面，客厅玄关镇场家具💐🌷","Elaborate Luxury Bombé Commode | Chinoiserie
Curved Rococo form, black-gold narrative lacquer art, durable marble top. Statement furniture for entry & living room 🥂🪑",#FrenchLuxury #EntrywayStatement #BlackGoldHome #RococoChinoiserie #LuxuryCabinet
LD-1503-1298,,黑漆描金大理石斗柜,"黑漆描金大理石斗柜，复古收藏感
满工庭院仕女彩绘，鎏金铜雕配饰，贝壳式波浪柜体，兼具收纳与展示价值🖤🏮","Black-Gold Marble-Top Commode, Vintage Collectible
Rich court-lady lacquer murals, gilt bronze decor, bombé silhouette. Storage & display all-in-one 🪞💫",#CollectibleFurniture #DisplayCabinet #VintageCollector #LacquerPainting #MansionDecor
LD-1503-1298,,黑漆描金大理石斗柜,"洛可可绮梦｜大理石台面鎏金人物彩绘斗柜
经典洛可可造型弯弧斗柜，天然黑白大理石台面，纹理浑然天成。
柜体黑底鎏金，满铺菱格织纹底，鎏金雕花边框勾勒画景区域。
柜门手绘东方庭院人物图景，亭台楼阁、仕人往来，场景故事感满满。
立体鎏金涡卷雕花饰于边角，优美 S 形弯腿，曲线华丽舒展。
双抽屉大容量储物，兼顾艺术观赏性与居家实用收纳。
将十八世纪欧洲贵族向往的东方盛景，凝于一件家具，是空间的视觉焦点。","Rococo Chinoiserie Commode with Marble Top & Figural Gilded Painting
Classic bombé💐shape Rococo commode topped with natural black-white marble.
Black lacquer body covered with gilded lattice texture, framed by ornate raised gilded scroll mouldings.
Hand-painted figural scenes depict oriental courtyard life, pavilions and figures with rich storytelling details.
Sculptural gilded scroll ornaments on corners, gracefully curved cabriole legs.
Two spacious drawers offer ample storage, balancing decorative artistry and home practicality.
Capturing 18th-century European aristocrats’ fantasy of oriental grandeur, a true statement centre-piece for interiors.",#chinoiseriefurniture  #rococostyle #commode #marbletopfurniture #luxuryvintagehome
LD-1504-1308,LD-1504-1308.jpg,描金人物盒子几,"黑漆描金人物储物箱，复古收纳宝箱
箱体四面手绘庭院仕女人物，黄铜锁扣提手，中式底座，兼具收纳与陈列🖤🏮","Black-Gilded Figure-Painting Storage Chest
Four-sided hand-painted court-lady scenes, brass lock & handles, Chinese-style base. Storage + display piece 🪑🥹",#StorageChest #ChinoiserieChest #BrassHardware #DecorativeChest #VintageStorage
LD-1504-1308,,描金人物盒子几,"像古董宝箱一样的家居收纳箱
大漆做旧裂纹，亭台人物故事彩绘，黄铜五金，可坐可收纳，氛围感拉满💐🌷","Antique-Style Treasure-Look Storage Chest
Aged craquelure lacquer, pavilion-figure narrative painting, brass hardware. For storage & extra seating 🌑💛",#TreasureChest #CraquelureFinish #AntiqueVibe #MultiUseFurniture #BlackGoldDecor
LD-1504-1308,,描金人物盒子几,"Chinoiserie收纳箱，满幅东方故事画
箱身四周完整故事漆绘，小鹿、仕女、亭台林木，摆在哪里都是视觉焦点🥂🪑","Chinoiserie Chest With Full Oriental Narrative
All-round story-telling lacquer art: deer, court ladies, pavilions & woods. Eye-catcher anywhere ✨🖤",#NarrativeArt #OrientalStoryArt #DecorChest #ChinoiserieStyle #HomeFocalPoint
LD-1504-1308,,描金人物盒子几,"复古漆艺储物箱｜中式底座宝箱
黑底鎏金人物彩绘，复古铜件，翘脚底座，可放杂物、软装陈列摆件🥹","Vintage Lacquer Storage Chest With Chinese Base
Black base gilded figure murals, vintage brass fittings, carved curved base. For storage & decor display 🥹",#LacquerChest #BrassDetails #AccentDecor #VintageBox #OrientalFurniture
LD-1504-1308,,描金人物盒子几,"中西融合宝箱，把故事画进家具
复刻外销古董漆箱风格，四面通景手绘，做旧肌理，大宅软装宝藏单品💐🌷","East-West Treasure Chest, Stories Painted On Furniture
Re-imagined export antique lacquer chest, panoramic four-side painting, aged texture. Gem for grand interior 🪑🥹",#ExportAntiqueStyle #PanoramicArt #EastMeetsWestHome #MansionStyling #VintageGem
LD-1504-1308,,描金人物盒子几,"黑漆绘庭院，一匣藏尽古人闲雅
法式中国风彩绘储物宝箱，配实木弯脚底座
玄黑漆面之上，通景手绘东方古代庭院人物图景
亭台回廊之间，古装仕人或对坐交谈、或闲步游园
垂柳依依，花木繁盛，一帧帧古典生活画面跃然匣上
复古黄铜锁扣与侧面提手，鎏金回纹边框点缀
弯脚底座线条优雅，托举宝箱成为空间陈列焦点
可收纳毛毯、藏品、私物，亦是一件充满故事感的装饰艺术品。","Black-Lacquer Chinoiserie Chest-Painted Courtyard Gathering Scene
Chinoiserie hand-painted storage chest on a solid-wood curved-leg stand.
Vivid ancient oriental courtyard scene painted across deep-black lacquer.
Within pavilions and corridors, robed figures converse and stroll through the garden.
Weeping willows and blooming flora bring this classical scene to life.
Vintage brass lock and side handles, framed by gilded geometric trim.
Elegant curved-leg base elevates the chest to become a display focal point.
Ideal for storing blankets, keepsakes or simply admired as a story-rich art piece.",#chinoiserie  #storagechest #luxuryfurniture  #handpaintedfurniture #treasurechest
LD-1504-1308,,描金人物盒子几,"黑漆庭院人物彩绘宝箱
黑底通景手绘古代庭院人物图景
亭台仕人、垂柳花木，色彩复古明艳
黄铜锁扣提手，配实木弯脚底座
大容量储物，氛围感十足的客厅装饰宝箱。","Black-Lacquer Painted Courtyard Storage Chest
Continuous hand-painted ancient courtyard scene on black lacquer.
Pavilions, robed figures, willows and blossoms in rich vintage colours.
Brass lock & side handles, paired with solid-wood curved-leg stand.
Spacious storage, a charming statement chest for your living room.",#chinoiseriedecor #treasurechest #antiquestyle #interiordecor #luxuryhome
LD-1604-1392,LD-1604-1392.jpg,灰蓝鎏金法式扶手椅,"灰蓝鎏金雕花扶手椅，法式宫廷单椅
洛可可雕花鎏金框架，灰蓝做旧漆木，复古提花织锦软包，Chinoiserie休闲椅🥹💐","Grey-Blue Gilded Carved Armchair, French Palace-Style
Rococo gilded carved frame, aged grey-blue lacquer wood, vintage brocade upholstery. Chinoiserie accent armchair 🌷✨",#FrenchArmchair #RococoChair #GildedChair #BrocadeUpholstery #PalaceStyleHome
LD-1604-1392,,灰蓝鎏金法式扶手椅,"贵族感法式单椅｜鎏金木雕扶手椅
立体花卉鎏金雕刻，复古暗纹织锦软包，做旧灰蓝木漆，书房客厅沙发椅✨","Noble French Accent Chair | Gilded Wood-Carved Armchair
3D floral gilded carving, vintage damask brocade upholstery, aged grey-blue finish. Ideal for study & living room 🏮",#CarvedWoodFurniture #AccentChair #DamaskFabric #NobleHome #VintageArmchair
LD-1604-1392,,灰蓝鎏金法式扶手椅,"宫廷氛围感扶手椅，鎏金木雕工艺
欧式古典雕花框架，高级提花面料，铆钉细节，一把椅子撑起整个空间格调🖤🏮","Palace-Vibe Armchair, Gilded Wood-Carved Craft
Classic European carved frame, premium brocade fabric, nail-head trim. One chair defines your room style 🪑🥹",#PalaceDecor #NailheadTrim #StatementChair #LuxurySeating #ClassicInterior
LD-1604-1392,,灰蓝鎏金法式扶手椅,"灰调鎏金法式休闲椅，复古软装C位
做旧灰蓝漆面搭配华丽鎏金雕花，米棕复古织锦，适合阅读角、会客区✨🖤","Tone-down Gilded French Lounge Chair, Vintage Focal Point
Aged grey-blue lacquer with ornate gilded carving, warm beige-brown brocade. Perfect for reading nook & guest area 🪞💫",#ReadingNookDecor #LoungeChair #MutedLuxury #VintageSeating #ChinoiserieChair
LD-1604-1392,,灰蓝鎏金法式扶手椅,"Chinoiserie法式宫廷扶手椅
繁复木雕鎏金工艺，古典织锦软包，端庄优雅，复刻欧洲贵族宅邸陈设🏮🌑","Chinoiserie French Palace-Style Armchair
Elaborate gilded wood-carving craft, classic brocade cushion. Elegant recreation of European noble residence furnishing 🪞💫",#FrenchChinoiserie #MansionFurniture #OrnateChair #HistoricDecor #LuxuryArmchair
LD-1604-1392,,灰蓝鎏金法式扶手椅,"灰蓝鎏金椅，坐享法式宫廷雍容
法式路易十六风格扶手椅，复刻宫廷贵族会客坐具
框架为做旧灰蓝漆面，通体鎏金浮雕卷草花叶饰件
椅背顶部华丽洛可可雕花饰板，扶手立柱雕刻细腻
包覆香槟金色提花织锦面料，古典大马士革花纹华美精致
铆钉收边勾勒轮廓，车削立柱式椅腿，鎏金细节处处考究
饱满舒适的坐感，兼具观赏与实用
客厅、书房、会客区安放一把，即刻尽显法式宫廷雍容气度。","Grey-Blue Giltwood Fauteuil-Louis XVI Style Silk Damask Armchair
French Louis XVI style fauteuil armchair, recreating aristocratic seating from palace salons.
Frame finished in aged grey-blue lacquer, adorned with raised gilded foliate and scroll ornamentation.
Ornate Rococo crest crowns the backrest, armrest posts carved with meticulous detail.
Upholstered in champagne-gold silk damask with classic floral brocade pattern.
Nailhead trim outlines every edge, turned fluted legs finished in gilt.
Plush, comfortable seating meets sculptural beauty.
Place one in your living room, study or salon — and instantly channel French palatial grandeur.",#frenchstyle  #giltwood #armchair #luxuryfurniture #frencharmchair
LD-2503-2359,LD-2503-2359.jpg,黑金国风漆箱竹节支架,"黑描金山水漆箱｜竹节支架边几
黑漆满绘山水水禽，仿竹节描金支架，既是收纳箱也是艺术角几✨","Black‑Gilded Lacquer Chest With Bamboo‑Style Stand
Hand‑painted landscape & waterfowl, faux‑bamboo gilded stand. Storage chest doubles as accent table ✨",#ChinoiserieChest #LacquerFurniture #GildedDecor #VintageAccent #OrientalHome
LD-2503-2359,,黑金国风漆箱竹节支架,"一物两用｜法式外销漆箱边几
复刻古董外销漆绘，黄铜拉环，竹节造型支架，玄关氛围感陈设🖤","2‑in‑1 Antique‑Export Lacquer Chest Table
Recreated export lacquer craft, brass ring pull, bamboo‑form stand. Stunning entryway decor 🖤",#AntiqueExportStyle #ChinoiserieHome #AccentTable #BlackGoldDecor #LacquerArt
LD-2503-2359,,黑金国风漆箱竹节支架,"黑金色漆箱摆件，角落高级感
通景山水手绘，黑地鎏金，搭配配套支架，客厅角落点睛好物🏮","Black‑Gold Lacquer Chest For Corner Styling
Panoramic hand‑painted landscape, black‑gold finish with matching stand. Perfect corner focal piece 🏮",#CornerDecor #GildedLacquer #VintageChest #HomeStyling #ChinoiserieChic
LD-2503-2359,,黑金国风漆箱竹节支架,"把东方古画做成家具摆件
箱身满幅亭台水鸟漆画，仿竹节描金支架，收纳展示二合一🌑","Oriental Scroll Reimagined As Decor Chest
Full‑surface pavilion‑bird lacquer painting, faux‑bamboo gilded stand. Storage & display all‑in‑one 🌑",#OrientalScrollArt #DecorChest #EastMeetsWest #VintageHome #ArtFurniture
LD-2503-2359,,黑金国风漆箱竹节支架,"Chinoiserie重工漆箱边几
大漆描金做旧工艺，黄铜五金，支架箱体成套，大宅软装利器💛","Elaborate Chinoiserie Lacquer Chest Table Set
Aged gilded lacquer craft, brass hardware, matched chest‑stand set. Statement mansion decor 💛",#LuxuryHomeDecor #ChinoiserieFurniture #LacquerCraft #StatementPiece #MansionStyling
LD-1403-0931,LD-1403-0931.jpg,南瓜形裂纹漆收纳盒,"南瓜造型黑漆描金收纳盒
瓜瓣轮廓，裂纹大漆，满绘亭台山水，复古装饰首饰收纳盒✨","Pumpkin‑Shape Black Gilded Lacquer Caddy
Melon‑shape silhouette, craquelure lacquer, full landscape painting. Vintage jewelry & trinket box ✨",#DecorativeBox #CraquelureFinish #ChinoiserieBox #GildedDecor #TrinketBox
LD-1403-0931,,南瓜形裂纹漆收纳盒,"裂纹漆果盒｜法式中国风摆件
复古开裂纹理，鎏金山水人物，南瓜仿生造型，桌面陈设艺术品🖤","Craquelure Lacquer Fruit Box | Chinoiserie Decor
Vintage crackled texture, gilded figure‑landscape art, pumpkin‑inspired shape. Tabletop art piece 🖤",#TabletopDecor #VintageBox #LacquerArt #OrientalAccent #ChinoiserieStyle
LD-1403-0931,,南瓜形裂纹漆收纳盒,"桌面C位｜黑金南瓜漆盒
做旧裂纹漆面，周身通景彩绘，小金珠底座，收纳摆件两不误🏮","Black‑Gold Pumpkin Lacquer Box, Table Focal Point
Aged craquelure lacquer, panoramic surrounding painting, gilded ball feet. Storage + decor 🏮",#DeskDecor #GildedBox #VintageAccent #ChinoiserieChic #HomeAccents
LD-1403-0931,,南瓜形裂纹漆收纳盒,"复古仿生漆盒，东方美学小件
南瓜仿生器型，黑底描金亭台林木，裂纹漆复刻古董质感🌑","Vintage Organic‑Shape Lacquer Box, Oriental Accent
Pumpkin‑inspired form, black‑gilded pavilion‑forest motifs, antique‑style craquelure 🌑",#OrientalDecor #AntiqueVibe #DecorCaddy #EastMeetsWest #VintageObjects
LD-1403-0931,,南瓜形裂纹漆收纳盒,"Chinoiserie收藏级装饰漆盒
重工手绘山水人物，裂纹大漆，小巧精致，软装陈列宝藏💛","Collectible‑Grade Chinoiserie Lacquer Decor Box
Detailed hand‑painted figures & landscape, craquelure lacquer. Exquisite small decor gem 💛",#CollectibleDecor #LuxuryAccentBox #LacquerCraft #StatementDecor #MansionDetails
LD-1403-1034,LD-1403-1034.jpg,古铜金绞丝边彩绘珍宝盒,"古铜金绞丝描金珍宝收纳箱
暖调复古彩绘箱体，绞丝镶边，球形小金脚，奢华装饰收纳箱✨","Antique‑Gold Rope‑Trim Decor Treasure Chest
Warm vintage painted body, twisted rope trim, gilded ball feet. Luxury decorative storage ✨",#TreasureChest #GildedBox #VintageStorage #DecorativeChest #LuxuryAccent
LD-1403-1034,,古铜金绞丝边彩绘珍宝盒,"绞丝滚边｜复古彩绘收藏宝箱
复古异域纹样彩绘，立体绞丝镶边，球形足，桌面软装吸睛单品🖤","Rope‑Trim Vintage Painted Collectible Chest
Exotic vintage motifs, dimensional rope molding, ball feet. Eye‑catching tabletop decor 🖤",#TabletopStorage #OrnateBox #AntiqueStyle #HomeDecor #ChinoiserieAccent
LD-1403-1034,,古铜金绞丝边彩绘珍宝盒,"暖金复古宝箱，桌面陈列神器
做旧斑驳彩绘，立体绞丝包边，小金珠底座，摆件收纳二合一🏮","Warm‑Gold Vintage Treasure Chest For Display
Distressed painted finish, raised rope trim, gilded ball feet. Display & storage combined 🏮",#DeskStyling #OrnateDecor #VintageChest #DecorAccent #OldWorldStyle
LD-1403-1034,,古铜金绞丝边彩绘珍宝盒,"欧式复古彩绘珍宝箱
绞丝浮雕镶边，暖金复古色调，适合客厅、书房台面陈设🌑","European‑Style Vintage Painted Treasure Chest
Embossed rope‑edge molding, warm antique‑gold tone. Ideal for living‑room & study tabletop 🌑",#OldWorldDecor #DecorStorageBox #GildedDetails #VintageObjects #HomeStyling
LD-1403-1034,,古铜金绞丝边彩绘珍宝盒,"重工绞丝工艺装饰收纳箱
繁复绞丝包边，复古彩漆手绘，球形支撑脚，大宅桌面软装💛","Elaborate Rope‑Molding Decor Storage Chest
Ornate rope trim, vintage polychrome paint, ball‑form feet. Mansion tabletop decor 💛",#LuxuryBox #StatementDecor #VintageMansion #DecorChest #OrnateFurnishings
LD-2202-2057,LD-2202-2057.jpg,藏蓝鎏金仙鹤圆形餐桌,"藏蓝鎏金仙鹤圆餐桌，气场拉满
深邃藏蓝台面，满幅仙鹤鎏金彩绘，雕花底座，国风法式大圆桌✨","Deep‑Blue Gilded‑Crane Round Dining Table
Midnight‑blue tabletop, full gilded‑crane painting, carved ornate base. Sino‑French grand round table ✨",#DiningTable #ChinoiserieTable #CraneMotif #GildedFurniture #LuxuryDining
LD-2202-2057,,藏蓝鎏金仙鹤圆形餐桌,"仙鹤主题｜藏蓝金彩绘圆桌
群鹤翱翔手绘，鎏金描边雕花基座，大漆工艺，餐厅镇场家具🖤","Crane‑Motif Blue‑Gilded Round Dining Table
Flying‑crane hand‑painting, gilded carved pedestal base, lacquer finish. Statement dining‑room piece 🖤",#LuxuryDiningRoom #ChinoiserieHome #GildedTable #LacquerFurniture #StatementFurniture
LD-2202-2057,,藏蓝鎏金仙鹤圆形餐桌,"把仙鹤画卷搬进餐厅｜圆餐桌
藏蓝大漆台面，仙鹤松柏纹样，多层雕花鎏金底座，贵气用餐空间🏮","Crane‑Scroll Dining Round Table
Deep‑blue lacquer top, crane‑pine motifs, multi‑layer gilded carved base. Opulent dining space 🏮",#DiningRoomGoals #OrientalTable #MansionDining #BlueGoldDecor #ArtFurniture
LD-2202-2057,,藏蓝鎏金仙鹤圆形餐桌,"蓝金撞色，典藏级圆形餐台
深海蓝漆面配鎏金仙鹤，饱满雕花立柱底座，适配大宅别墅🌑","Blue‑Gold Collectible‑Grade Round Dining Table
Ocean‑blue lacquer with gilded cranes, rich carved pedestal. Perfect for mansion & villa 🌑",#VillaFurniture #BlueGoldHome #ChinoiserieChic #GrandDining #LuxuryTable
LD-2202-2057,,藏蓝鎏金仙鹤圆形餐桌,"Chinoiserie仙鹤大漆圆餐桌
传统仙鹤吉祥纹样，中西融合桌型，鎏金雕花，餐桌即艺术品💛","Chinoiserie Crane‑Motif Lacquer Round Dining Table
Auspicious traditional crane motifs, east‑west silhouette, gilded carving. Table as fine art 💛",#EastMeetsWestDecor #LacquerTable #OrnateDining #MansionFurniture #GildedHome
LD-2204-2068,LD-2204-2068.jpg,青花描金陶瓷装饰方盒,"青花描金陶瓷装饰收纳盒
瓷胎青花花鸟蝴蝶，金边勾勒，鎏金球足，中西风桌面摆件✨","Blue‑White Gilded Porcelain Decor Caddy
Porcelain base, blue‑white flower‑bird‑butterfly painting, gilded trim & ball feet. Sino‑western table decor ✨",#PorcelainDecor #BlueAndWhite #ChinoiserieBox #GildedAccent #TabletopDecor
LD-2204-2068,,青花描金陶瓷装饰方盒,"新中式青花描金首饰盒
青花蝶鸟花卉纹样，描金包边底座，瓷质釉面，精致桌面收纳🖤","Neo‑Chinoiserie Blue‑White Porcelain Jewelry Box
Blue‑white butterfly‑bird‑floral motifs, gilded trim & base, glossy porcelain. Elegant tabletop storage 🖤",#JewelryBox #BlueWhitePorcelain #OrientalAccent #GildedDetails #VaseStyleDecor
LD-2204-2068,,青花描金陶瓷装饰方盒,"青花瓷感｜鎏金底座装饰方盒
复刻青花绘画，描金镶边，小金珠支脚，软装点缀氛围感好物🏮","Blue‑White‑Style Porcelain Box With Gilded Base
Recreated blue‑white painting, gilded rim, tiny gilded ball feet. Mood‑boosting decor accent 🏮",#DeskDecor #ChinoiserieChic #DecorBox #LuxuryAccent #HomeStyling
LD-2204-2068,,青花描金陶瓷装饰方盒,"瓷绘花鸟，法式中国风摆件盒
蓝白青花手绘风，鎏金包角底座，陶瓷质感，可收纳首饰小物🌑","Porcelain Bird‑Flower Chinoiserie Decor Box
Blue‑white porcelain‑painting style, gilded corner‑base trim. Stores jewelry & trinkets 🌑",#OrientalPorcelain #TrinketStorage #EastMeetsWest #TableAccent #VintageVibes
LD-2204-2068,,青花描金陶瓷装饰方盒,"青花鎏金收藏级装饰瓷盒
满工花鸟蝴蝶瓷绘，金边轮廓，球形鎏金脚，中西融合软装💛","Collectible‑Grade Blue‑White Gilded Porcelain Decor Box
Full‑coverage bird‑flower‑butterfly porcelain art, gilded outline, ball feet. East‑west interior gem 💛",#CollectibleDecor #PorcelainBox #LuxuryHomeDetails #ChinoiserieStyle #OrnateAccent
LD-2210-2161,LD-2210-2161.jpg,黑地描金翻盖秘书柜,"黑地描金秘书柜｜Chinoiserie写字柜
黑漆鎏金山水人物，翻开内部多格抽屉，集书写、收纳展示一体✨","Black‑Gilded Chinoiserie Secretary Desk Cabinet
Black lacquer gilded landscape‑figure painting, multi‑drawer interior. Writing, storage & display combined ✨",#SecretaryCabinet #ChinoiserieDesk #LacquerCabinet #GildedFurniture #AntiqueStyle
LD-2210-2161,,黑地描金翻盖秘书柜,"古董风翻盖写字收纳柜
柜门满绘古景人物，内部多层小抽屉，黑金色调，书房核心家具🖤","Antique‑Style Fall‑Front Secretary Cabinet
Doors painted with ancient scenes & figures, multi‑layer inner drawers. Black‑gold tone, study centerpiece 🖤",#StudyFurniture #VintageCabinet #BlackGoldHome #OrnateStorage #LacquerMurals
LD-2210-2161,,黑地描金翻盖秘书柜,"可开启的画卷｜描金秘书立柜
外部山水漆绘，打开暗藏多格储物，弧面柜体，大宅书房镇场🏮","Scroll‑Like Gilded Secretary Cabinet
Outer landscape lacquer murals, hidden divided storage inside, bombé curved cabinet. Mansion study statement 🏮",#StatementCabinet #BombeFurniture #ChinoiserieHome #OfficeStyling #LuxuryStorage
LD-2210-2161,,黑地描金翻盖秘书柜,"黑漆描金多功能秘书柜
外销古董柜复刻，翻盖书写台面，内部密格抽屉，兼具展示收纳🌑","Black‑Gilded Multi‑Functional Secretary Book Cabinet
Recreated antique export cabinet, fall‑front writing surface, nested inner drawers. Display & storage 🌑",#AntiqueExportStyle #HomeOffice #LacquerFurniture #OrnateCabinet #MansionInterior
LD-2210-2161,,黑地描金翻盖秘书柜,"Chinoiserie典藏秘书写字柜
满幅人物山水大漆手绘，鎏金描边，内外双重工艺，收藏级柜体💛","Collectible‑Grade Chinoiserie Secretary Writing Cabinet
Full‑scene figure‑landscape lacquer painting, gilded outline, dual inner‑outer craftsmanship. Collectible‑grade cabinet 💛",#CollectibleFurniture #StudyStatement #GildedCabinet #ChinoiserieChic #OldWorldMansion
LD-2211-2172,LD-2211-2172.jpg,黑鎏金多层玻璃展示柜,"黑地鎏金多层玻璃古董展示柜
黑底通景鎏金人物亭台，多格玻璃展格，塔状顶饰，藏品陈列柜✨","Black‑Gilded Multi‑Tier Glass Chinoiserie Vitrine
Panoramic gilded figure‑pavilion lacquer art, divided glass display bays, pagoda‑style finials. Collectibles showcase ✨",#VitrineCabinet #DisplayCabinet #ChinoiserieFurniture #GildedCabinet #CollectiblesDisplay
LD-2211-2172,,黑鎏金多层玻璃展示柜,"法式中国风玻璃珍宝陈列柜
通透玻璃展窗，周身鎏金东方纹样，分层展示，贵气藏品收纳🖤","Chinoiserie Glass Treasure Display Vitrine
Clear glass viewing panes, surrounding gilded oriental motifs, tiered shelves. Opulent collectible storage 🖤",#CurioCabinet #AntiqueStyle #BlackGoldDecor #LuxuryDisplay #LacquerArt
LD-2211-2172,,黑鎏金多层玻璃展示柜,"博物馆感｜鎏金大漆玻璃展柜
塔形顶饰，多隔间玻璃橱窗，柜体满绘东方故事，客厅视觉焦点🏮","Museum‑Vibe Gilded Lacquer Glass Curio Cabinet
Pagoda‑shape finials, segmented glass bays, full oriental‑narrative cabinet body. Living‑room focal point 🏮",#StatementFurniture #MansionDisplay #ChinoiserieHome #OrnateCabinet #ShowcasePiece
LD-2211-2172,,黑鎏金多层玻璃展示柜,"复刻欧洲古董大漆陈列柜
黑大漆鎏金通景画，镂空栏杆装饰，多格玻璃，适合陈列藏品摆件🌑","Recreated European Antique Lacquer Curio Vitrine
Black lacquer panoramic gilded murals, open‑work rail trim, multi‑bay glass for collectibles & decor 🌑",#AntiqueVitrine #EastMeetsWest #DisplayFurniture #GildedDetails #VintageMansion
LD-2211-2172,,黑鎏金多层玻璃展示柜,"Chinoiserie重工玻璃珍宝柜
满工人物亭台描金漆绘，多层玻璃展格，塔尖装饰，收藏向家具💛","Elaborate Chinoiserie Glass Treasure Vitrine
Rich figure‑pavilion gilded lacquer murals, multi‑bay glass shelves, pagoda finials. Collectible‑grade furnishing 💛",#LuxuryVitrine #CurioDisplay #LacquerCraft #MansionFurniture #ChinoiserieChic
LD-2410-2311,LD-2410-2311.jpg,花鸟花卉彩绘漆箱,"花卉花鸟彩绘漆箱｜方框支架边几
箱身浓彩花鸟牡丹，裂纹肌理，方框描金支架，收纳展示两用✨","Floral‑Bird Painted Lacquer Chest With Square Stand
Vibrant peony‑bird painting, craquelure texture, gilded square stand. Dual‑use storage‑display piece ✨",#FloralChinoiserie #LacquerChest #AccentTable #VintageDecor #GildedStand
LD-2410-2311,,花鸟花卉彩绘漆箱,"繁花彩绘｜漆箱支架成套边几
满绘牡丹花鸟，复古裂纹漆面，方正描金支架，客厅角落陈设🖤","Blooming‑Floral Lacquer Chest‑Stand Accent Table
Full peony‑bird motifs, vintage craquelure lacquer, squared gilded stand. Lovely corner furnishing 🖤",#FloralDecor #DecorChest #ChinoiserieStyle #BlackGoldAccent #HomeStyling
LD-2410-2311,,花鸟花卉彩绘漆箱,"浓彩花鸟漆箱，一物多用边几
热烈花卉鸟雀彩绘，做旧裂纹漆，方框描金支架，软装亮眼单品🏮","Vibrant Floral‑Bird Lacquer Chest Multi‑Use Table
Rich flower‑sparrow painting, aged craquelure lacquer, squared gilded stand. Stand‑out decor piece 🏮",#CornerAccent #PaintedChest #VintageVibes #ChinoiserieChic #ArtHomeDecor
LD-2410-2311,,花鸟花卉彩绘漆箱,"复古花卉漆绘箱
箱面盛放牡丹花鸟，裂纹做旧，配套方框支架，可收纳可当角几🌑","Vintage Floral Lacquer Chest
Lush peony‑bird surface painting, aged craquelure, matched square stand. Storage or side table 🌑",#OrientalFloral #StorageChest #EastMeetsWest #TabletopStorage #VintageInterior
LD-2410-2311,,花鸟花卉彩绘漆箱,"Chinoiserie花鸟彩绘成套漆箱几
重工花卉手绘，裂纹大漆肌理，方框描金支架，软装成套摆件💛","Chinoiserie Floral‑Bird Lacquer Chest‑Stand Set
Detailed floral hand‑painting, craquelure lacquer texture, squared gilded stand. Matching decor set 💛",#MatchingDecorSet #LacquerCraft #FloralHome #LuxuryAccent #MansionDetails
LD-2509-2425,LD-2509-2425.jpg,鹤鸟山水漆箱,"鹤鸟山水漆箱｜弯腿描金支架边几
箱体鎏金仙鹤山水，S形弯腿描金支架，收纳箱秒变艺术角几✨","Crane‑Landscape Lacquer Chest With Curved‑Leg Stand
Gilded crane‑mountain painting, S‑shape gilded curved‑leg stand. Chest transforms into art side table ✨",#CraneMotifChest #ChinoiserieSideTable #GildedDecor #LacquerFurniture #AccentFurniture
LD-2509-2425,,鹤鸟山水漆箱,"仙鹤通景｜弯腿支架漆箱边几
箱身满绘水禽仙鹤，大漆黑地鎏金，洛可可式弯腿支架，复古陈设🖤","Panoramic Crane Lacquer Chest On Curved‑Leg Stand
Full water‑bird‑crane murals, black‑ground gilded lacquer, Rococo‑inspired curved‑leg stand. Vintage statement decor 🖤",#RococoChinoiserie #CraneDecor #DecorChest #BlackGoldHome #VintageMansion
LD-2509-2425,,鹤鸟山水漆箱,"东方仙鹤画卷｜漆箱弯腿边几
山水仙鹤鎏金漆画，优雅弯腿描金支架，玄关客厅氛围感好物🏮","Oriental Crane‑Scroll Lacquer Chest Curved‑Leg Table
Gilded crane‑landscape lacquer art, elegant curved gilded stand. Mood‑maker for entry & living room 🏮",#EntrywayDecor #OrientalScrollArt #SideTable #ChinoiserieChic #HomeFocalPoint
LD-2509-2425,,鹤鸟山水漆箱,"黑地鎏金仙鹤漆箱成套角几
黑底鎏金水鸟山水，S弯描金支腿，箱体支架成套，展示收纳两用🌑","Black‑Gilded Crane Lacquer Chest‑Stand Corner Table
Black‑base gilded water‑bird‑landscape art, S‑curved gilded legs, matched set. For display & storage 🌑",#MatchingFurnitureSet #LacquerChest #EastMeetsWest #CurvedLegFurniture #VintageInterior
LD-2509-2425,,鹤鸟山水漆箱,"Chinoiserie仙鹤主题漆箱弯腿边几
重工通景仙鹤山水漆绘，洛可可弯腿描金支架，大宅复古软装💛","Chinoiserie Crane‑Theme Lacquer Chest Curved‑Leg Side Table
Elaborate panoramic crane‑landscape lacquer murals, Rococo‑style gilded curved‑leg stand. Grand vintage mansion furnishing 💛",#MansionStyling #CraneHomeDecor #GildedLacquer #StatementSideTable #ChinoiserieFurniture
LD-2504-2392,LD-2504-2392.jpg,绿金亭顶玻璃展示柜,"绿金鎏金亭顶玻璃展示柜
祖母绿漆面配鎏金山水手绘，中式宝塔亭顶，玻璃门陈列藏品，下方抽屉兼顾收纳，Chinoiserie大宅吸睛大件✨","Pagoda‑Top Green‑Gilded Chinoiserie Display Cabinet
Emerald lacquer with gilded landscape painting, iconic pagoda roof. Glass doors for collectibles, drawers for storage, statement furniture for luxury home✨",#Chinoiserie #CurioCabinet #GiltFurniture #LuxuryHomeDecor #VintageInteriors
LD-2504-2392,,绿金亭顶玻璃展示柜,"法式中国风亭台陈列玻璃柜
复刻西洋古董东方审美，亭檐造型顶盖，通透玻璃展示茶具摆件，抽屉储物，玄关客厅C位家具🏮","Chinoiserie Pagoda‑Style Glass Curio Cabinet
Reproduction antique oriental‑western furniture. Pagoda roof, glass showcase for teaware & decor, drawer storage, perfect focal piece for entry & living room🏮",#ChinoiserieStyle #DisplayCabinet #OldWorldLuxury #VintageFurniture #HomeStyling
LD-2504-2392,,绿金亭顶玻璃展示柜,"收藏党必入💚绿金鎏金古董感立柜
重工手绘鎏金山水，宝塔屋顶设计，上展下储，把东方亭台景致搬进室内，软装格调瞬间拉满","Collector‑Favorite Green‑Gilded Pagoda Display Cabinet 💚
Heavy hand‑painted gilded landscape art, classic pagoda roof. Upper display plus lower storage, bring oriental pavilion charm indoors.",#CollectorHome #GiltDecor #AntiqueReproduction #LuxuryInteriors #DecorInspo
LD-2504-2392,,绿金亭顶玻璃展示柜,"祖母绿鎏金亭顶玻璃珍藏柜
浓绿漆面搭配描金纹样，亭式顶盖辨识度拉满，玻璃可视陈列，抽屉藏杂物，贵气复古氛围感直接拿捏✨","Emerald Gilded Pagoda‑Top Collectible Cabinet
Rich emerald lacquer with gilded ornament, highly recognizable pagoda top. Transparent glass for display, hidden drawer storage, build luxury vintage vibe easily✨",#EmeraldDecor #ChinoiserieHome #StatementPiece #VintageCabinet #HomeGoals
LD-2504-2392,,绿金亭顶玻璃展示柜,"东方亭台搬进家｜鎏金玻璃展示高柜
Chinoiserie经典亭檐造型，绿底鎏金山水彩绘，玻璃双开门展示藏品，底部双抽屉，颜值实力双在线🏮","Oriental Pavilion Inspired Gilded Glass Tall Cabinet
Classic Chinoiserie pagoda eave shape, green base with gilded landscape murals. Double glass doors for display, dual bottom drawers, beauty & function in one🏮",#ChinoiserieArt #TallCabinet #LuxuryDecor #VintageVibes #InteriorDesign
LD-2504-2392,,绿金亭顶玻璃展示柜,"复古大宅端景柜💚绿金彩绘陈列柜
西洋洛可可融合东方亭台美学，手绘鎏金山水，玻璃陈列+抽屉收纳，摆在哪里都是视觉焦点","Vintage Mansion Focal‑Point Green‑Gilded Display Cabinet 💚
Rococo meets oriental pavilion aesthetics. Hand‑painted gilded landscape, glass showcase plus drawer storage, eye‑catching wherever you place it.",#MansionDecor #GiltFurniture #ChinoiserieVibes #AntiqueStyle #HomeDesign
LD-1203-0489A,LD-1203-0489A.jpg,鎏金天鹅雕塑彩绘宝盒,"鎏金天鹅立体雕塑彩绘珍藏宝盒🦢
顶盖盒脚立体鎏金天鹅雕塑，盒身手绘湖畔天鹅风景，裂纹做旧漆面，收纳首饰小物，绝美桌面摆件✨","Gilded 3D‑Swan Hand‑Painted Decorative Casket 🦢
3‑D gilded swan sculptures on lid & feet, hand‑painted lakeside swan scene, crackle aged lacquer. Store jewelry & trinkets, stunning tabletop ornament✨",#Chinoiserie #DecorativeCasket #GiltDecor #TabletopDecor #VintageObject
LD-1203-0489A,,鎏金天鹅雕塑彩绘宝盒,"法式复古天鹅首饰收纳宝盒
浮雕鎏金天鹅构件，银底彩绘湖景，裂纹复古漆工艺，既是珠宝收纳盒，也是可陈设的桌面艺术品🦢","French Vintage Swan Jewelry Storage Casket
Relief gilded swan ornaments, silver‑base painted lake scenery, crackle vintage lacquer. Works both as jewelry box & display art piece🦢",#VintageBox #LuxuryBox #TableAccent #OrnateDecor #HomeStyling
LD-1203-0489A,,鎏金天鹅雕塑彩绘宝盒,"油画感桌面摆件✨天鹅鎏金彩绘宝盒
盒身如一幅湖畔油画，四角顶盖立体鎏金天鹅，做旧复古漆面，梳妆台茶几陈设拍照超级出片","Oil‑Painting‑Style Tabletop Swan Gilded Casket ✨
Box surface like a lakeside oil painting, 3‑D gilded swans on lid & four corners, aged vintage finish. Ideal vanity & coffee table decor, photo‑ready.",#ArtDecorObject #GiltOrnament #LuxuryDecor #ChinoiserieDecor #VintageStyling
LD-1203-0489A,,鎏金天鹅雕塑彩绘宝盒,"轻奢桌面宝藏盒🦢立体天鹅雕塑宝盒
重工鎏金天鹅雕塑装饰，满幅手绘湖岸风景，裂纹做旧漆，收纳珠宝零碎，软装搭配氛围感神器","Luxury Tabletop Treasure Casket With Swan Sculptures 🦢
Heavy‑craft gilded swan decor, full hand‑painted lakeside scenery, crackled aged lacquer. Store jewelry & tiny treasures, amazing soft furnishing accent.",#VanityDecor #DecorBox #OldWorldStyle #ChinoiserieStyle #TableDecor
LD-1203-0489A,,鎏金天鹅雕塑彩绘宝盒,"古董风鎏金天鹅彩绘收藏盒
欧式古典造型，立体鎏金天鹅底座顶盖，盒面彩绘水禽湖景，一物两用，收纳首饰同时充当陈列摆件✨","Antique‑Style Gilded Swan Painted Collectible Box
Classic European silhouette, 3‑D gilded swans on base and lid, water‑bird lake painting on surface. Dual‑use: jewelry storage & display ornament✨",#AntiqueObject #VintageAccessory #GiltDecor #TabletopAccent #ChinoiserieHome
LD-1203-0489A,,鎏金天鹅雕塑彩绘宝盒,"把湖畔美学放桌面🦢鎏金天鹅装饰盒
写实手绘天鹅游湖图景，多处立体鎏金天鹅雕塑，复古裂纹漆面，提升桌面精致格调的软装好物","Lakeside‑Aesthetic Tabletop Gilded Swan Decor Box 🦢
Realistic hand‑painted swimming‑swan scene, multiple 3‑D gilded swan sculptures, vintage crackle lacquer. Elegant accent elevating your table vibe.",#RomanticDecor #LuxuryAccent #VintageVibes #ChinoiserieArt #HomeAccent
LD-1203-0626,LD-1203-0626.jpg,金底花卉瓜棱南瓜手提收纳盒,"鎏金瓜棱花卉手提收纳宝盒🎀
别致南瓜瓜棱轮廓，金银裂纹做旧底色，满工手绘鲜花卷草，鎏金编织提手，桌面零碎好物收纳✨","Gilded Melon‑Shape Floral Hand‑Carry Caddy 🎀
Unique lobed melon silhouette, silver‑gold crackled aged base, full hand‑painted flower scrollwork, braided gilded handle. Store tabletop small treasures✨",#Chinoiserie #DecorativeCaddy #VintageBox #TabletopDecor #GiltDecor
LD-1203-0626,,金底花卉瓜棱南瓜手提收纳盒,"复古花卉鎏金手提装饰盒
瓜瓣异形盒体，玫瑰花卉手绘纹样，做旧金银漆面，编织鎏金提手，茶几梳妆台摆放，复古氛围感拉满🎀","Vintage Floral Gilded Hand‑Carry Decor Box
Special lobed melon body, hand‑painted rose floral patterns, aged silver‑gold lacquer, braided gilded handle. Great for coffee table & vanity styling🎀",#FloralDecor #OrnateBox #VanityStyling #ChinoiserieStyle #VintageHome
LD-1203-0626,,金底花卉瓜棱南瓜手提收纳盒,"少女感复古桌面宝盒✨瓜棱鎏金手提盒
圆润瓜棱造型，缤纷手绘花草，裂纹鎏金银底，便携编织提手，收纳首饰茶点小物件，拍照出片神器","Romantic Vintage Melon‑Shape Gilded Carry‑Box ✨
Soft rounded lobed form, colorful hand‑painted florals, crackled gilded silver‑gold base, portable braided handle. Store jewelry & small goods, super photo‑friendly.",#RomanticHome #TableAccent #DecorCaddy #VintageVibes #HomeStyling
LD-1203-0626,,金底花卉瓜棱南瓜手提收纳盒,"小众古董感🎀花卉南瓜形鎏金手提盒
少见瓜瓣南瓜器型，裂纹鎏金做旧漆面，卷草花卉彩绘，鎏金编织提手，轻松打造法式复古桌面角落","Rare Vintage Melon‑Floral Gilded Hand‑Carry Caddy 🎀
Uncommon lobed melon shape, crackled aged gilded lacquer, scroll‑floral painting, braided gilded handle. Build charming french‑vintage table corner easily.",#UnusualDecorObject #ChinoiserieDecor #LuxuryBox #OldWorldCharm #TableDecor
LD-1203-0626,,金底花卉瓜棱南瓜手提收纳盒,"软装点睛｜鎏金彩绘瓜棱手提收纳盒
金银裂纹做旧漆面，满绘鲜花藤蔓，柔和瓜瓣轮廓，鎏金编织提手，玄关、茶几、化妆台均可陈设✨","Soft‑Furnishing Accent Gilded Painted Melon Carry‑Box
Silver‑gold crackled aged lacquer, full flower‑vine painting, gentle lobed outline, braided gilded handle. Fits entryway, coffee table and vanity✨",#HomeAccent #VintageCaddy #GiltOrnament #ChinoiserieHome #DecorInspo
LD-1203-0626,,金底花卉瓜棱南瓜手提收纳盒,"鎏金花卉手提盒🎀实用型桌面艺术品
异形瓜棱盒身，精致花卉手绘，复古做旧金银底色，编织鎏金提手，兼顾收纳功能与陈设观赏价值","Functional Table‑Art Gilded Floral Hand‑Carry Caddy 🎀
Special lobed melon body, delicate floral hand‑painting, aged silver‑gold base, braided gilded handle. Combine practical storage & display value.",#TableArtObject #VintageBox #ChinoiserieArt #LuxuryLiving #DecorObject
LD-1203-0721,LD-1203-0721.jpg,黑底鎏金山水坡顶盖宝盒,"黑地鎏金山水宝塔顶盖珍藏盒⛰️
黑漆底描金东方山水楼阁，宝塔式坡斜盒盖，描金编织纹样边框，鎏金球脚，收纳珍藏小物，古典桌面摆件✨","Black‑Gilded Landscape Pagoda‑Sloped‑Lid Casket ⛰️
Black lacquer base with gilded oriental landscape & pavilions, pagoda‑style sloped lid, gilded woven border, spherical gilded feet. Store precious trinkets, classic table ornament✨",#Chinoiserie #DecorativeCasket #GiltBox #VintageObject #TableDecor
LD-1203-0721,,黑底鎏金山水坡顶盖宝盒,"东方古典美学｜黑鎏金宝塔盖收纳宝盒
复刻宝塔檐角的斜坡盒盖，黑地描金山水风景，周身描金编织纹饰，鎏金珠脚，茶几玄关陈设高级感拉满⛰️","Oriental‑Classical Black‑Gilded Pagoda‑Lid Storage Casket
Sloped lid imitating pagoda eaves, black base with gilded landscape, surrounding woven gilded ornament, spherical gilded feet. Elevate entry & coffee table decor⛰️",#ChinoiserieStyle #LacquerBox #OldWorldLuxury #VintageDecor #HomeStyling
LD-1203-0721,,黑底鎏金山水坡顶盖宝盒,"黑漆描金山水宝盒✨宝塔造型顶盖
黑底鎏金绘制亭台山水，宝塔坡形顶盖辨识度极高，描金边框配球形鎏金盒脚，既是收纳盒也是艺术陈设","Black Lacquer Gilded‑Landscape Casket With Pagoda Lid ✨
Gilded pavilions & mountains painted on black lacquer, highly recognizable pagoda sloped lid, gilded border plus spherical feet. Storage box & display art piece in one.",#LacquerDecor #GiltOrnament #AntiqueReproduction #LuxuryDecor #TableAccent
LD-1203-0721,,黑底鎏金山水坡顶盖宝盒,"大宅桌面陈设⛰️黑鎏金坡顶盖彩绘宝盒
浓黑漆面铺展鎏金山水图景，宝塔式盒盖，编织纹样描金镶边，鎏金圆珠支脚，收纳首饰藏品氛围感十足","Mansion Table Decor Black‑Gilded Pagoda‑Sloped‑Lid Casket ⛰️
Deep black lacquer with sprawling gilded landscape, pagoda‑shaped lid, woven‑pattern gilded trim, spherical gilded feet. Perfect for jewelry & collectible storage.",#MansionDecor #DecorBox #ChinoiserieHome #VintageVibes #LuxuryLiving
LD-1203-0721,,黑底鎏金山水坡顶盖宝盒,"古董复刻黑描金山水宝塔宝盒
西洋Chinoiserie古董复刻，黑地鎏金山水楼阁，宝塔斜坡顶盖，细节描金工艺，梳妆台书房陈列好物✨","Antique‑Reproduction Black Gilded‑Landscape Pagoda Casket
Reproduce western Chinoiserie antique piece, black lacquer with gilded pavilions & landscape, pagoda sloped lid, fine gilded craft. Great for vanity & study room✨",#AntiqueStyle #ChinoiserieArt #GiltBox #TabletopDecor #DecorInspo
LD-1203-0721,,黑底鎏金山水坡顶盖宝盒,"冷调贵气✨黑鎏金亭盖彩绘珍藏盒
酷黑底色搭配耀眼鎏金山水，宝塔造型盒盖，精致描金边框与鎏金脚座，软装搭配克制又华丽","Cool‑Tone Luxury Black‑Gilded Pagoda‑Lid Collectible Box ✨
Deep black base paired with brilliant gilded landscape, pagoda‑shape lid, delicate gilded trim & feet. Sophisticated & gorgeous soft furnishing accent.",#DarkLuxury #GiltDecor #ChinoiserieDecor #VintageObject #HomeAccent
LD-1403-0972,LD-1403-0972.jpg,黑底山水瓜棱鎏金手提收纳盒,"黑地鎏金山水瓜棱手提宝盒🏮
黑色裂纹漆面，盒身手绘东方山水亭台人物，瓜棱异形盒体，鎏金编织提手，桌面收纳陈设二合一✨","Black Gilded‑Landscape Lobed Hand‑Carry Caddy 🏮
Black crackled lacquer, hand‑painted oriental landscape, pavilions & figures on body, special lobed silhouette, braided gilded handle. Dual‑use for storage & display✨",#Chinoiserie #LacquerCaddy #VintageBox #TabletopDecor #GiltDecor
LD-1403-0972,,黑底山水瓜棱鎏金手提收纳盒,"中式山水手绘｜黑鎏金瓜棱手提收纳盒
瓜瓣起伏盒型，黑漆描金亭台山水人物，复古裂纹漆，鎏金编织手提，茶几摆放复刻旧时东方氛围感🏮","Chinese‑Landscape Black‑Gilded Lobed Hand‑Carry Storage Box
Undulating lobed melon shape, black lacquer with gilded pavilions, landscape & figures, vintage crackle lacquer, braided gilded handle. Bring old oriental vibe to coffee table🏮",#ChinoiserieStyle #DecorativeBox #OldWorldCharm #VintageHome #HomeStyling
LD-1403-0972,,黑底山水瓜棱鎏金手提收纳盒,"复古故事感✨黑底山水鎏金手提盒
盒面绘有人物亭台山水图景，瓜棱圆润轮廓，黑色裂纹做旧漆面，鎏金编织提手，收纳零碎同时充当桌面画作","Story‑Telling Vintage Black‑Landscape Gilded Carry‑Box ✨
Figure, pavilion and landscape scenes painted on surface, soft lobed outline, black crackled aged lacquer, braided gilded handle. Storage box acting like tabletop painting.",#ArtDecorObject #LacquerDecor #TableAccent #VintageVibes #ChinoiserieArt
LD-1403-0972,,黑底山水瓜棱鎏金手提收纳盒,"暗黑国风桌面宝盒🏮瓜棱鎏金手提收纳盒
酷黑裂纹漆底色，满幅鎏金东方山水人物，别致瓜棱器型，牢固鎏金编织提手，书房茶室软装绝佳单品","Dark Oriental‑Style Lobed Gilded Hand‑Carry Table Caddy 🏮
Cool black crackled lacquer base, full gilded oriental landscape & figure painting, unique lobed form, sturdy braided gilded handle. Ideal decor for study & tea room.",#DarkChinoiserie #DecorCaddy #GiltOrnament #TableDecor #LuxuryDecor
LD-1403-0972,,黑底山水瓜棱鎏金手提收纳盒,"古董复刻黑山水瓜棱手提装饰盒
Chinoiserie古董复刻，瓜棱造型，黑漆描金山水人物，裂纹做旧工艺，鎏金编织提手，兼具实用性与复古观赏价值✨","Antique‑Reproduction Black Landscape Lobed Hand‑Carry Decor Box
Chinoiserie antique reproduction, lobed melon shape, black lacquer with gilded landscape‑figure art, crackled aged craft, braided gilded handle. Merge function & vintage aesthetic✨",#AntiqueObject #VintageAccessory #ChinoiserieHome #DecorInspo #TabletopAccent
LD-1403-0972,,黑底山水瓜棱鎏金手提收纳盒,"茶室氛围感好物🏮黑鎏金山水手提盒
瓜棱异形盒身，黑漆鎏金绘制亭台山水，复古裂纹漆面，鎏金编织提手，收纳茶配件首饰，氛围感直接拉满","Tea‑Room Vibe Black‑Gilded Landscape Hand‑Carry Caddy 🏮
Special lobed melon body, black lacquer painted with gilded pavilions & mountains, vintage crackle lacquer, braided gilded handle. Store tea accessories & jewelry for immersive vibe.",#TeaRoomDecor #HomeAccent #VintageBox #GiltDecor #ChinoiserieDecor
LD-1403-1056,LD-1403-1056.jpg,黑底鎏金山水狮耳方宝盒,"黑地鎏金山水狮耳方型珍藏宝盒🦁
方正盒体，黑底鎏金东方山水楼阁，两侧立体鎏金狮首拉环，鎏金珠脚与镶边，收藏小物的复古艺术收纳盒✨","Black‑Gilded Landscape Square Casket With Lion‑Head Handles 🦁
Square silhouette, black lacquer with gilded oriental pavilions & mountains, 3‑D gilded lion‑head pull‑rings on two sides, gilded beading trim & feet. Vintage art‑style box for precious small treasures✨",#Chinoiserie #DecorativeCasket #GiltBox #LionOrnament #TableDecor
LD-1403-1056,,黑底鎏金山水狮耳方宝盒,"狮耳鎏金方盒｜黑漆描金山水收藏盒
棱角方正器型，盒身四面鎏金山水图景，立体鎏金狮首衔环把手，满圈鎏金镶边与球形盒脚，书房桌面气场十足🦁","Lion‑Handle Gilded Square Black‑Lacquer Landscape Collectible Box
Sharp square shape, four‑sided gilded landscape paintings, 3‑D gilded lion‑head ring pulls, full gilded trim & spherical feet. Powerful statement decor for study table🦁",#ChinoiserieStyle #LacquerBox #OldWorldLuxury #VintageDecor #HomeStyling
LD-1403-1056,,黑底鎏金山水狮耳方宝盒,"气场感桌面摆件✨狮首鎏金山水方宝盒
黑底鎏金绘制亭台山水，两侧霸气立体狮耳拉环，顶盖与底座完整鎏金包边，鎏金球脚，收纳藏品，复古贵气拉满","Powerful Tabletop Ornament Lion‑Head Gilded‑Landscape Square Casket ✨
Black lacquer with gilded pavilion‑mountain scenery, bold 3‑D lion‑head ring handles, full gilded trim for lid & base, spherical gilded feet. Store collectibles with vintage grandeur.",#StatementDecor #GiltOrnament #AntiqueReproduction #LuxuryDecor #TableAccent
LD-1403-1056,,黑底鎏金山水狮耳方宝盒,"大宅书房陈设🦁黑鎏金狮耳山水方盒
方正厚重盒体，四面黑地鎏金山水，立体鎏金狮首衔环把手，底座鎏金雕花镶边，鎏金球脚，书房茶室高级陈设","Mansion Study Decor Black‑Gilded Lion‑Handle Landscape Square Casket 🦁
Solid square body, four‑sided black‑base gilded landscape, 3‑D lion‑head ring pulls, carved gilded base trim, spherical gilded feet. Premium ornament for study & tea space.",#MansionDecor #DecorBox #ChinoiserieHome #VintageVibes #LuxuryLiving
LD-1403-1056,,黑底鎏金山水狮耳方宝盒,"西洋Chinoiserie复刻｜狮耳鎏金黑漆宝盒
复刻欧洲东方风古董，方正造型，黑漆面鎏金山水楼阁，标志性鎏金狮耳衔环，鎏金镶边盒脚，收纳珍贵小件✨","Western Chinoiserie Reproduction Lion‑Handle Black‑Lacquer Gilded Casket
Reproduce European oriental‑style antique, square form, black lacquer with gilded pavilions & landscape, iconic gilded lion‑head ring pulls, gilded trim & feet. Store precious small items✨",#AntiqueStyle #ChinoiserieArt #GiltBox #TabletopDecor #DecorInspo
LD-1403-1056,,黑底鎏金山水狮耳方宝盒,"霸气复古🦁黑描金狮耳山水珍藏方盒
酷黑漆面，四面完整鎏金山水彩绘，立体鎏金狮首把手，顶盖底座鎏金包边，球形鎏金支脚，软装气场担当","Bold Vintage Black‑Gilded Lion‑Handle Landscape Square Collectible Box 🦁
Deep black lacquer, complete four‑sided gilded landscape murals, 3‑D gilded lion‑head handles, gilded trim for lid and base, spherical gilded feet. A powerful soft furnishing statement piece.",#DarkLuxury #GiltDecor #ChinoiserieDecor #VintageObject #HomeAccent
LD-1703-1529,LD-1703-1529.jpg,黑底人物彩绘长型收纳漆盒,"黑地人物彩绘长型鎏金漆盒🎶
修长卧式盒体，盒面手绘欧式人物乐器场景，蝴蝶花卉点缀，顶面镂空编织纹样，鎏金包边圆珠盒脚，艺术感桌面收纳✨","Long Black Lacquer Casket With Hand‑Painted Figure Scenes 🎶
Slender horizontal box shape, hand‑painted figures with musical instruments, butterfly‑floral accents, open‑work woven top panel, gilded trim & spherical feet. Artistic tabletop storage✨",#Chinoiserie #LacquerBox #FigurativeArt #TabletopDecor #GiltDecor
LD-1703-1529,,黑底人物彩绘长型收纳漆盒,"复古叙事画面｜人物彩绘长形装饰漆盒
长条形漆盒，盒壁绘制奏乐人物故事图景，蝴蝶花卉细节，顶面编织镂空，鎏金镶边圆脚，桌面独特艺术摆件🎶","Narrative‑Vibe Long Decorative Lacquer Box With Figure Paintings
Long horizontal lacquer box, story‑telling painting of music‑playing figures, butterfly‑floral details, woven open‑work top, gilded trim & round feet. Unique artistic table ornament🎶",#ChinoiserieStyle #DecorativeBox #OldWorldCharm #VintageHome #HomeStyling
LD-1703-1529,,黑底人物彩绘长型收纳漆盒,"故事感长盒✨黑底人物手绘鎏金漆盒
修长造型，盒身完整人物演奏彩绘，蝴蝶花草细节，顶面镂空编织纹理，鎏金包边圆珠脚，收纳小物如同摆放一幅古画","Story‑Filled Long Black Lacquer Box With Figure Painting ✨
Slender silhouette, full painting of performing figures on box side, butterfly‑floral details, open‑work woven top texture, gilded trim & spherical feet. Store trinkets like displaying an antique painting.",#ArtDecorObject #LacquerDecor #TableAccent #VintageVibes #ChinoiserieArt
LD-1703-1529,,黑底人物彩绘长型收纳漆盒,"茶几艺术陈设🎶黑地人物彩绘长漆盒
卧式长方漆盒，黑底彩绘奏乐人物与蝴蝶花卉，顶面编织镂空设计，周身鎏金镶边，鎏金圆珠盒脚，客厅软装吸睛单品","Coffee‑Table Art Piece Long Black Lacquer Box With Figure Motifs 🎶
Horizontal long lacquer casket, black base painted with music‑playing figures, butterflies and florals, woven open‑work top, surrounding gilded trim, spherical gilded feet. Eye‑catching living‑room decor.",#LivingRoomDecor #DecorCaddy #GiltOrnament #TableDecor #LuxuryDecor
LD-1703-1529,,黑底人物彩绘长型收纳漆盒,"西洋复古复刻｜人物场景长型鎏金漆盒
复刻欧式古董漆盒，修长卧式器型，人物奏乐故事彩绘，蝴蝶花卉点缀，镂空编织顶面，鎏金镶边圆脚，收藏陈设两用✨","European‑Vintage Reproduction Long Figure‑Scene Gilded Lacquer Box
Reproduce European antique lacquer box, slender horizontal form, story painting of performing figures, butterfly‑floral accents, open‑work woven top, gilded trim & round feet. For collection & display✨",#AntiqueObject #VintageAccessory #ChinoiserieHome #DecorInspo #TabletopAccent
LD-1703-1529,,黑底人物彩绘长型收纳漆盒,"画境桌面🎶黑底人物彩绘长收纳漆盒
长型卧式盒体，盒壁如同古版画绘制人物演奏场景，蝴蝶花草，镂空编织顶盖，鎏金包边圆珠脚，收纳同时提升空间艺术氛围","Painting‑Like Tabletop Long Black Figure‑Painted Lacquer Storage Box 🎶
Horizontal long box, antique‑print‑style performing‑figure scenes on side walls, butterflies & plants, open‑work woven lid, gilded trim & spherical feet. Boost room artistic vibe with storage function.",#ArtHomeDecor #HomeAccent #VintageBox #GiltDecor #ChinoiserieDecor
LD-1906-1825,LD-1906-1825.jpg,红金描金双门立柜配高脚底座,"故宫红鎏金山水双门立柜配高脚底座🏮
高饱和故宫红漆面，柜门满绘鎏金东方庭院人物山水，金属复古合页，搭配同色系描金高脚底座，震撼端景家具✨","Forbidden‑City‑Red Gilded‑Landscape Cabinet With Tall Stand 🏮
Vibrant palace‑red lacquer finish, cabinet doors fully painted with gilded oriental courtyard, figures & landscape, vintage metal hinges, matched gilded tall stand. Stunning statement furniture✨",#Chinoiserie #RedGiltCabinet #LacquerFurniture #LuxuryInteriors #VintageAccent
LD-1906-1825,,红金描金双门立柜配高脚底座,"红金国风大柜｜双门描金彩绘立柜带底座
浓烈故宫红底色，柜门鎏金绘制庭院楼阁人物，复古金属铰链，全套红黑描金高脚支架，落地摆放气场拉满🏮","Red‑Gilt Oriental Tall Cabinet With Stand, Double‑Doors
Rich palace‑red base, gilded courtyard, pavilion & figure murals on doors, vintage metal hinges, complete red‑black gilded tall stand. Powerful floor‑standing focal furniture🏮",#ChinoiserieStyle #StatementCabinet #OldWorldLuxury #VintageFurniture #HomeStyling
LD-1906-1825,,红金描金双门立柜配高脚底座,"一眼惊艳✨红鎏金庭院彩绘高柜带底座
正红漆面柜门，满幅鎏金东方庭院图景，复古金属五金，配套同风格描金高脚底座，玄关大宅的视觉中心家具","Stunning Red‑Gilded Courtyard‑Painted Tall Cabinet With Stand ✨
Vivid red lacquer doors covered with gilded oriental courtyard scenes, vintage metal hardware, matching gilded tall stand. Visual center piece for mansion entryway.",#PalaceStyleDecor #GiltFurniture #AntiqueReproduction #LuxuryDecor #EntrywayInspo
LD-1906-1825,,红金描金双门立柜配高脚底座,"大宅玄关端景🏮红金描金双门柜高脚套组
故宫红柜体，柜门重工鎏金庭院人物彩绘，复古合页五金，成套高脚描金底座，落地放置瞬间撑起全屋华贵氛围","Mansion Entry Focal‑Point Red‑Gilt Double‑Door Cabinet Set 🏮
Palace‑red cabinet body, heavy‑craft gilded courtyard‑figure murals on doors, vintage hinge hardware, matching gilded tall stand. Instantly build grand luxurious home vibe.",#EntrywayDecor #StatementPiece #ChinoiserieHome #VintageVibes #LuxuryLiving
LD-1906-1825,,红金描金双门立柜配高脚底座,"西洋中国风复刻｜红鎏金彩绘立柜带底座
欧洲Chinoiserie古董复刻，浓烈红漆底，柜门鎏金东方庭院人物，复古金属铰链，配套描金高脚支架，收藏级软装大件✨","European Chinoiserie Reproduction Red‑Gilt Painted Cabinet With Stand
Reproduce European Chinoiserie antique furniture, bold red lacquer base, gilded oriental courtyard‑figure art on doors, vintage metal hinges, matching gilded tall stand. Collectible‑grade soft furnishing piece✨",#AntiqueStyle #ChinoiserieArt #LacquerCabinet #InteriorDesign #DecorInspo
LD-1906-1825,,红金描金双门立柜配高脚底座,"热烈华贵🏮红底鎏金山水人物落地立柜
高饱和度红色漆面，双门满绘鎏金亭台庭院人物，复古金属合页，红黑描金高脚底座，撞色氛围感极强的古典柜子","Vibrant Grand Red‑Base Gilded Landscape‑Figure Floor Cabinet 🏮
High‑saturation red lacquer, double doors fully painted gilded pavilions, courtyards & figures, vintage metal hinges, red‑black gilded tall stand. Classical cabinet with striking color‑contrast vibe.",#RedAndGoldDecor #GiltDecor #ChinoiserieDecor #VintageObject #HomeAccent
LD-2408-2279,LD-2408-2279.jpg,绿金鎏金三斗弧形斗柜,"祖母绿鎏金弧形三斗斗柜💚
优美弧形鼓型柜体，祖母绿漆面，抽屉面板满绘鎏金山水亭台飞鸟，鎏金镶边，雕花金属拉手，洛可可Chinoiserie收纳柜✨","Emerald‑Green Gilded Bombe Three‑Drawer Commode 💚
Elegant curved bombe cabinet body, emerald lacquer finish, drawer fronts fully painted gilded landscape, pavilions & flying birds, gilded trim, carved metal pulls. Rococo‑Chinoiserie storage chest✨",#Chinoiserie #BombeCommode #GiltFurniture #LacquerChest #VintageHome
LD-2408-2279,,绿金鎏金三斗弧形斗柜,"洛可可绿金斗柜｜弧形三抽屉鎏金彩绘柜
经典bombe鼓弧造型，祖母绿底色，三层抽屉满铺鎏金山水飞鸟图景，描金边框，雕花金属把手，卧室客厅通用💚","Rococo Green‑Gilt Curved Three‑Drawer Commode Chest
Classic bombe curved silhouette, emerald base, three drawers covered with gilded landscape & flying‑bird murals, gilded trim, carved metal handles. Works for bedroom & living room💚",#ChinoiserieStyle #CommodeChest #OldWorldLuxury #VintageFurniture #HomeStyling
LD-2408-2279,,绿金鎏金三斗弧形斗柜,"复古大宅柜体✨绿金鎏金弧形三斗柜
流畅向外鼓出弧形柜身，祖母绿漆面，每层抽屉完整鎏金山水飞鸟彩绘，鎏金包边，复古雕花拉手，软装格调大件","Vintage Mansion‑Style Green‑Gilt Curved Three‑Drawer Commode ✨
Smooth outward‑bulging bombe shape, emerald lacquer, full gilded landscape‑bird painting on every drawer, gilded trim, vintage carved pulls. High‑grade soft furnishing furniture.",#MansionFurniture #GiltDecor #AntiqueReproduction #LuxuryDecor #InteriorInspo
LD-2408-2279,,绿金鎏金三斗弧形斗柜,"祖母绿Bombe斗柜💚法式中国风三抽收纳柜
洛可可标志性鼓弧斗柜，浓绿漆面，抽屉鎏金山水亭台飞鸟，周身描金镶边，精致金属雕花拉手，玄关卧室氛围感担当","Emerald Bombe Commode, Chinoiserie Three‑Drawer Storage Chest 💚
Iconic rococo bombe curved chest, rich green lacquer, gilded landscape‑pavilion‑bird art on drawers, surrounding gilded trim, fine carved metal pulls. Vibe‑setting piece for entry & bedroom.",#BedroomDecor #StatementPiece #ChinoiserieHome #VintageVibes #LuxuryLiving
LD-2408-2279,,绿金鎏金三斗弧形斗柜,"西洋古董复刻｜绿金弧形三斗彩绘斗柜
复刻欧洲洛可可Chinoiserie斗柜，bombe弧形柜体，祖母绿漆面鎏金山水飞鸟，鎏金镶边雕花拉手，三抽屉大容量收纳✨","European Antique‑Reproduction Green‑Gilt Curved Three‑Drawer Commode
Reproduce European rococo Chinoiserie chest, bombe curved body, emerald lacquer with gilded landscape & birds, gilded trim & carved pulls. Three drawers for large‑capacity storage✨",#AntiqueStyle #ChinoiserieArt #LacquerFurniture #DecorInspo #HomeAccent
LD-2408-2279,,绿金鎏金三斗弧形斗柜,"贵气祖母绿💚鎏金山水弧形三抽斗柜
优美鼓弧柜体线条，祖母绿底色，三层抽屉手绘鎏金山水、飞鸟、亭台，描金框线搭配复古金属拉手，颜值与收纳兼顾","Luxurious Emerald Green Gilded‑Landscape Curved Three‑Drawer Chest 💚
Graceful bombe curved cabinet outline, emerald base, hand‑painted gilded landscape, flying birds and pavilions on three drawers, gilded framing plus vintage metal pulls. Beauty meets ample storage.",#EmeraldHomeDecor #GiltFurniture #ChinoiserieDecor #VintageObject #HomeDesign
LD-2503-2382,LD-2503-2382.jpg,黑鎏金花鸟彩绘扶手椅,"黑底鎏金花鸟彩绘复古扶手椅🪑
黑色漆木框架，周身鎏金描金花鸟纹样，靠背手绘珍禽花鸟，金色软垫坐垫，古典扶手造型，Chinoiserie艺术单人椅✨","Black‑Gilded Floral‑Bird Painted Vintage Armchair 🪑
Black lacquered wood frame, gilded floral‑bird ornament all over, exotic bird‑flower painting on backrest, gold toned cushion, classic armrest silhouette. Chinoiserie artistic accent chair✨",#Chinoiserie #AccentChair #GiltFurniture #LacquerChair #VintageSeating
LD-2503-2382,,黑鎏金花鸟彩绘扶手椅,"法式中国风单人椅｜黑鎏金花鸟彩绘扶手椅
黑漆木椅架，描金缠枝花鸟细节，靠背主体彩绘飞鸟花卉，优雅扶手造型，金调绗缝软垫，客厅书房艺术单椅🪑","Chinoiserie Accent Armchair, Black‑Gilded Bird‑Flower Painting
Black lacquer wood frame, gilded scrolling floral‑bird details, main backrest painted exotic bird & blooms, elegant arm shape, golden quilted cushion. Art chair for living & study room🪑",#ChinoiserieStyle #VintageChair #OldWorldLuxury #VintageFurniture #HomeStyling
LD-2503-2382,,黑鎏金花鸟彩绘扶手椅,"空间点睛单椅✨黑鎏金花鸟彩绘扶手椅
黑色漆木椅身，构件多处鎏金花鸟彩绘，靠背主画面珍禽栖于花枝，复古软垫，优美扶手轮廓，角落瞬间拥有复古氛围感","Room‑Accent Black‑Gilded Bird‑Floral Painted Armchair ✨
Black lacquer chair frame, multi‑part gilded floral‑bird painting, exotic bird resting on blossoms as backrest centerpiece, vintage cushion, graceful arm outline. Instant vintage charm for any corner.",#AccentFurniture #GiltDecor #AntiqueReproduction #LuxuryDecor #InteriorInspo
LD-2503-2382,,黑鎏金花鸟彩绘扶手椅,"书房会客单椅🪑黑地鎏金花鸟艺术扶手椅
黑漆描金框架，椅腿、挡板描金花卉，靠背彩绘飞鸟繁花，软包金色坐垫，Chinoiserie复古扶手椅，书房茶室氛围感家具","Study & Reception Black‑Gilded Bird‑Floral Art Armchair 🪑
Black lacquer gilded frame, gilded florals on legs & aprons, painted bird‑bloom artwork on backrest, golden upholstered cushion. Chinoiserie vintage armchair ideal for study & tea space.",#StudyRoomDecor #StatementChair #ChinoiserieHome #VintageVibes #LuxuryLiving
LD-2503-2382,,黑鎏金花鸟彩绘扶手椅,"欧洲古董复刻｜黑鎏金花鸟彩绘扶手单椅
复刻西洋Chinoiserie漆木扶手椅，黑色漆木，鎏金缠枝花鸟，靠背彩绘珍禽花卉，金色绗缝坐垫，艺术感陈列坐具✨","European Antique‑Reproduction Black‑Gilded Bird‑Floral Armchair
Reproduce western Chinoiserie lacquered armchair, black lacquer wood, gilded scrolling florals & birds, exotic bird‑flower painting on backrest, golden quilted cushion. Art‑oriented seating piece✨",#AntiqueStyle #ChinoiserieArt #LacquerChair #DecorInspo #HomeAccent
LD-2503-2382,,黑鎏金花鸟彩绘扶手椅,"复古漆艺单椅🪑黑鎏金花鸟彩绘扶手椅
全椅漆木做底，描金勾勒花草飞鸟纹样，靠背大幅花鸟彩绘，流畅扶手，金色软垫，摆放在角落就是一件陈设艺术品","Vintage Lacquer‑Craft Black‑Gilded Bird‑Floral Armchair 🪑
Full lacquered‑wood base, gilded outlines for flowers and birds, large bird‑floral painting on backrest, smooth armrest, golden soft cushion. Acts as display art placed in corners.",#LacquerFurniture #GiltFurniture #ChinoiserieDecor #VintageObject #HomeDesign
